name,phone_type,phone_number,website
Nikotika Construction and Trading PLC,Phone,+251 116 592 199,http://www.nikotikaconstruction.com
Nikotika Construction and Trading PLC,Mobile,+251 933 656 565,http://www.nikotikaconstruction.com
Filimon Import and Export International (FIE internatio...,Mobile,+251 912 67 05 20,
Filimon Import and Export International (FIE internatio...,Mobile 2,+251 983 77 11 45,
Alkane IMPORT EXPORT,Mobile,+251 911 42 16 64,https://www.alkaneorganic.com/
Alkane IMPORT EXPORT,Mobile 2,+251 912 68 84 76,https://www.alkaneorganic.com/
Alkane IMPORT EXPORT,Mobile 3,+251 911 25 20 06,https://www.alkaneorganic.com/
Thermo Fam Trading PLC,Phone,+251 115 53 09 79,https://thermofamtradingplc.com
Thermo Fam Trading PLC,Mobile,+251 953 80 80 80,https://thermofamtradingplc.com
FMS Trading PLC,Phone,+251 11 471 32 14,http://fmstradingplc.com/
FMS Trading PLC,Mobile,+251 930 41 42 43,http://fmstradingplc.com/
FMS Trading PLC,Mobile 2,+251 903 06 07 08,http://fmstradingplc.com/
Alemu Nega Haile Export,Mobile,+251 929 006069,http://alemunega.com
Lanchihun Business PLC,Phone,+251 11662 7378,
Lanchihun Business PLC,Mobile,+251 911 203 176,
Halkayan Industry and Trading PLC,Phone,+251 118 720811,https://halkayanindustry.tradeindia.com/
Halkayan Industry and Trading PLC,Mobile,+251911248831,https://halkayanindustry.tradeindia.com/
Halkayan Industry and Trading PLC,Mobile 2,+910911248831,https://halkayanindustry.tradeindia.com/
Halkayan Industry and Trading PLC,Mobile 3,+910930470965,https://halkayanindustry.tradeindia.com/
SHEBATRA PLC,Phone,+251 115 54 43 13,
SHEBATRA PLC,Phone 2,+251 115 54 43 26,
SHEBATRA PLC,Mobile,+251 911 21 48 96,
SHEBATRA PLC,Mobile 2,+251 911 60 28 51,
Maensu Business PLC,Phone,+251 930 32 91 72,
Maensu Business PLC,Mobile,+251 935 98 17 91 (Senga Tera Shop),
Maensu Business PLC,Mobile 2,+251 961 72 72 72 (Yobek Shop),
Maensu Business PLC,Mobile 3,+251 967 63 63 63 (Urael Shop),
Woinemit Trading PLC and General Construction,Mobile,+251 911 22 70 14,
Woinemit Trading PLC and General Construction,Mobile 2,+251  911 22 88 47,
Hydro Solution Import & Export,Phone,+251 114 70 19 81,
Hydro Solution Import & Export,Phone 2,+251 118 88 06 99,
Hydro Solution Import & Export,Mobile,+251 911 65 57 81,
Hydro Solution Import & Export,Mobile 2,+251 911 96 66 93,
Ethio-Nippon Technical Company S.C. (ENITCO),Phone,+251 115 51 46 61,http://www.ethio-nippon.com
Ethio-Nippon Technical Company S.C. (ENITCO),Phone 2,+251 115 51 47 81 (Vehicle Sales),http://www.ethio-nippon.com
Ethio-Nippon Technical Company S.C. (ENITCO),Phone 3,+251 115 51 55 54 (JCB Sales),http://www.ethio-nippon.com
Dejen G/Meskel Import and Export,Phone 2,+251 116 683286,
Dejen G/Meskel Import and Export,Phone 3,+251 116 660771,
Dejen G/Meskel Import and Export,Mobile,+251 911 385471,
ABDULSEMED EXPORT AND IMPORT PLC,Phone,+251 111 56 60 53,
ABDULSEMED EXPORT AND IMPORT PLC,Phone 2,+251 111 55 84 55,
ABDULSEMED EXPORT AND IMPORT PLC,Mobile,+251 911 50 59 82,
ABDULSEMED EXPORT AND IMPORT PLC,Mobile 2,+251 911 50 59 30,
Unity Import and Export,Phone,+251 955 19 64 23,https://unityimportandexport.com
Unity Import and Export,Phone 3,+251 941 95 51 42,https://unityimportandexport.com
Fasil Ayalew Import & Export,Phone,+251 118 10 67 99,
Fasil Ayalew Import & Export,Mobile,+251 911 20 33 00,
Hake Trade & Industry Enterprise,Phone,+251 11 4403218,http://www.hakesport.com
Hake Trade & Industry Enterprise,Phone 2,+251 11 4402126,http://www.hakesport.com
Hake Trade & Industry Enterprise,Mobile,+251 91 1209674,http://www.hakesport.com
Hake Trade & Industry Enterprise,Mobile 2,+251 91  1216739,http://www.hakesport.com
Hake Trade & Industry Enterprise,Mobile 3,+251 91 1126100,http://www.hakesport.com
Morningstar Engineering & Trading Pvt.Ltd.Co,Mobile,+251 911 54 64 05,http://morningstarengineeringet.com/
Rad Best Trading,Phone,+251 114 70 19 78,https://radbesttrading.com/
Rad Best Trading,Mobile,+251 903 44 44 40,https://radbesttrading.com/
LEGGIO ALUMINIUM PLC,Phone,+251 115 15 34 66,
LEGGIO ALUMINIUM PLC,Phone 2,+251 115 52 36 52,
LEGGIO ALUMINIUM PLC,Mobile,+251 911 21 18 60,
DELTA PRODUCTION & COMMERCIAL ENTERPRISE PLC,Phone,+251 11 1564568/69,
DELTA PRODUCTION & COMMERCIAL ENTERPRISE PLC,Mobile,+251 91 1205488,
SALASAR COMPOUNDS P.L.C,Phone,+251 11 4404646/4426186,
SALASAR COMPOUNDS P.L.C,Mobile,+251 91 0911505213/1505174,
AWASH MELKASSA ALUMINIUM SULPHATE & SULPHURIC ACID S.C,Phone,+251 22 1114703/1113809,
AWASH MELKASSA ALUMINIUM SULPHATE & SULPHURIC ACID S.C,Mobile,+251 91 1207313,
KOLFE HOUSEHOLD UTENSILS FACTORY,Phone,+251 11 2791185/1791133/2795128/2799527,
KOLFE HOUSEHOLD UTENSILS FACTORY,Mobile,+251 11 1205354,
YEWEDEFIT BIRET PLC,Phone,+251 11 4161004/2521014,
YEWEDEFIT BIRET PLC,Mobile,+251 91 1481809/1626629,
MAMESIN Import and Export,Phone,+251 11 66151162,
KALUWORKS ETHIOPIA PLC,Phone,+251 11 4390335/36/37/4396053,
KALUWORKS ETHIOPIA PLC,Mobile,+251 91 1200437,
Sunrise General Trading,Phone,"+251 112 778954, +251 116 532951, 	+971 4 2207822",
Sunrise General Trading,Mobile,+251 911 200741,
MUZIEN & HIS CHILDREN PLC,Phone,+251 11 2752030,
MUZIEN & HIS CHILDREN PLC,Mobile,+251 91 1205422,
Mugeteba Ali Amdella,Phone,+251 113 470828,
Mugeteba Ali Amdella,Mobile,+251 911 754813,
KELEBET INTEGRATED AGRO INDUSTRY PLC,Phone,+251 114 320598,
KELEBET INTEGRATED AGRO INDUSTRY PLC,Mobile,+251 911 608899,
TASTY DAIRY SPECIALITIES PLC,Mobile,+251 923 591106,
Addisalem Negussie Bitewelegn,Phone,+251 111 558858,
Addisalem Negussie Bitewelegn,Mobile,+251 911 301255 | +251 911 516989,
A.I.U.A PLC,Phone,+251 115 547531,
A.I.U.A PLC,Mobile,+251 911 232745,
ABDUSEMEDE TAKELLE AREDA,Phone,+251 11 1558455/1573545/2770161,
ABDUSEMEDE TAKELLE AREDA,Mobile,+251 91 1200127,
YEKABDI AGRO PROCESSING P.L.C,Phone,+251 11 6455985,
YEKABDI AGRO PROCESSING P.L.C,Mobile,+251 91 1224754,
Greenmiles Business PLC,Phone,+251 11 662 22 19,
Greenmiles Business PLC,Mobile,+251930011985,
Netsanet Denekew Kassaye,Mobile,+251 911 248741 | +251 913 053015,
Ahmed Nuredin Abella Import&Export,Phone,"+251-11-1566536, +251 111 566467",
SEBETA AGRO-INDUSTRY PLC,Phone,+251 11 5519032/5523127/5537258,
SEBETA AGRO-INDUSTRY PLC,Mobile,+251 91 1219350,
Maheder Aemro Animal Feed,Phone,+251 937 636531,
Maheder Aemro Animal Feed,Mobile,+251 913 053472,
WOUWBEL INTERNATIONAL TRADING PLC,Phone,+251 11 5541087,
WOUWBEL INTERNATIONAL TRADING PLC,Mobile,+251 91 1243830,
No Limit Global Import And Export,Phone,+251 116 297947,
No Limit Global Import And Export,Mobile,+251 913 537911,
AL-MEHDI INDUSTRIES PLC,Phone,+251 116 616835 | +251 116 616836 | +251 116 186778,
AL-MEHDI INDUSTRIES PLC,Mobile,+251 911 645893 | +251 911 405170,
BORA TRADING PLC,Phone,+251 115 510684,
BORA TRADING PLC,Mobile,+251 911 203631,
W.F.N  EXPORT,Mobile,+251 911 826186,
ABYIU MEKONNEN EUNETU,Phone,+251 11 2132625,
ABYIU MEKONNEN EUNETU,Mobile,+251 91 1403774,
KEBIRE ENTERPRISES PLC,Phone,+251 115 520575 | +251 115 520576,
KEBIRE ENTERPRISES PLC,Mobile,+251 911 200242,
HABESHA NOAH TAILOR,Phone,+251 112 700145,
HABESHA NOAH TAILOR,Mobile,+251 911 456403 | +251 913 060749,
SUNDAY GENERAL TRADING PLC,Phone,+251 111 565886,
SUNDAY GENERAL TRADING PLC,Mobile,+251 911 219964,
AMBASEL TRADING HOUSE PLC,Phone,+251 114 66 61 45,
AMBASEL TRADING HOUSE PLC,Phone 2,+251 114 66 62 31,
AMBASEL TRADING HOUSE PLC,Phone 3,+251 114 66 63 74,
BEDELE BREWERY SC,Phone,+251 11 4661028/0474450499/6651193,
National Alcohol and Liquor Factory,Phone,+251 11 5156190,
National Alcohol and Liquor Factory,Phone 2,+251 11 5535634,
National Alcohol and Liquor Factory,Mobile,+251 91 1115314,
YONAS FISSEHA WITSADIK,Mobile,+251 911 803789 | +251 912 199394,
HENOK  YITBAREK ALEMU,Phone,+251 11 6628161,
HENOK  YITBAREK ALEMU,Mobile,+251 91 1208678,
MESERET PRIVATE LIMITED COMPANY,Phone,+251 11 2757785/2765356,
CEBU TRADING PLC,Phone,+251 11 3715625,
CEBU TRADING PLC,Mobile,+251 91 1206275,
ETHIO-INTERNATIONAL TRAADING CO. PLC,Phone,+251 11 5157994/5510187,
ETHIO-INTERNATIONAL TRAADING CO. PLC,Mobile,+251 91 1207452,
CENTRO BUSINESS TRADING PLC,Phone,+251 11 5546144,
CENTRO BUSINESS TRADING PLC,Mobile,"+251 91 1232203,",
ETHIO EAGLE INTERNATIONAL PLC,Phone,+251 11 6295010/6292525,
ETHIO EAGLE INTERNATIONAL PLC,Mobile,+251 91 1228740,
Bwap Export Plc,Phone,+251 116 626362,
Bwap Export Plc,Mobile,+251 911 217266,
SIRARA UNIVERSAL TRADING,Phone,+251 11 3710281/3713248,
SIRARA UNIVERSAL TRADING,Mobile,+251 91 1206275,
BETHEL INTERNATIONAL TRADING ENTERPRISE  PLC,Phone,+251 11 3728135,
BETHEL INTERNATIONAL TRADING ENTERPRISE  PLC,Mobile,+251 91 1407033,
GOLLA BEE PRODUCTS PLC,Phone,+251 11 1115869,
GOLLA BEE PRODUCTS PLC,Mobile,+251 91 1227930,
ENDALKACHEW ALAMINEW,Phone,+251 11 6550405,
ENDALKACHEW ALAMINEW,Mobile,+251 91 1211178/1436531,
KEBEDE CHAKA GENERAL IMPORT & EXPORT,Phone,+251 11 2766333/1571998,
KEBEDE CHAKA GENERAL IMPORT & EXPORT,Mobile,+251 91 1222006,
LEGESSE SHEREFA PVT LTD CO.,Phone,+251 11 2766486/2752043,
LEGESSE SHEREFA PVT LTD CO.,Mobile,+251 91 1205138,
DEMAK EXPORTERS,Phone,+251 11 5156950,
DEMAK EXPORTERS,Mobile,+251 91 1627829,
ZENITH GEBS ESHET ETH LTD,Phone,+251 11 3721060-62,
ZENITH GEBS ESHET ETH LTD,Mobile,+251 91 1200282,
AMARE AFEWORK IMPORT EXPORT,Phone,+251 11 5516575/5520383,
AMARE AFEWORK IMPORT EXPORT,Mobile,+251 91 1206202,
JAF EAST AFRICA HOLDINGS PLC,Mobile,+251 91 1138502,
GHION INDUSTRIAL & COMMERCIAL PLC,Phone,+251 11 2793360,
SAMUEL HAILU ALLE,Phone,+251 11 2753859,
SAMUEL HAILU ALLE,Mobile,+251 91 1612060,
Century General Trading P.L.C,Phone,+251 112 765182,
Century General Trading P.L.C,Mobile,+251 911 205826,
AMAZON CONSTRUCTION P.L.C,Mobile,+251 91 1477857/12173148,
KATA TRADING,Mobile,+251 91 2082869,
Import Export,Mobile,+251 9 11474566,
HHOME DIPO TRADING PLC,Phone,+251 11 4165818/4165819,
HHOME DIPO TRADING PLC,Mobile,+251 91 1200941,
GEBREMESKEL ZEREABRUK,Phone,4662899,
GEBREMESKEL ZEREABRUK,Mobile,+251 91 1408006,
FANAYE ABEGAZ FITAW,Phone,+251 11 2770598,
FANAYE ABEGAZ FITAW,Mobile,+251 91 1216114,
MASRESHA REGASA ADERA,Phone,+251 11 2756803,
ENDASHAW LEMMA NEGASH,Phone,+251 11 5531221,
ENDASHAW LEMMA NEGASH,Mobile,+251 91 1212642,
WODO TEREDA ENDALKACHEW,Phone,+251 11 2136532,
TEWOLDE HABTU W/MICHAEL,Phone,+251 11 5151418/4654811,
TEWOLDE HABTU W/MICHAEL,Mobile,+251 91 1207780,
Bertukan Amanule (Import & Export),Mobile,+251 921 991551,
ALMAZ CHAKA FEYESA,Phone,+251 11 2756402/03,
ALMAZ CHAKA FEYESA,Mobile,+ 251 91 1200305,
MULAT ERGATA SHIFAW,Phone,+251 11 5516178,
MULAT ERGATA SHIFAW,Mobile,+251 91 1208749,
JEMAL MOHAMMED USMAN,Phone,+251 11 6541676,
JEMAL MOHAMMED USMAN,Mobile,+251 91 1208765,
MULATU TADESE G/MARIAM,Phone,+251 11 2766048,
MULATU TADESE G/MARIAM,Mobile,+251 91 1222066,
ABEBE TELILA SULEIYMA,Phone,+251 11 2136626,
ABEBE TELILA SULEIYMA,Mobile,+251 91 1250896,
KAJO INTERNATIONAL PLC,Phone,+251 11 4393469,
KAJO INTERNATIONAL PLC,Mobile,+251 91 1204201,
SHANKO DULLO MEMHRE,Phone,+251 11 2763402/2137881,
SHANKO DULLO MEMHRE,Mobile,+251 91 1248311,
NEHMYA ENGINEERING PLC,Phone,+251 11 4671463/4673016,
NEHMYA ENGINEERING PLC,Mobile,+251 91 1221741,
DEMSIS BERENDA ENDASHAW,Phone,5533692,
DEMSIS BERENDA ENDASHAW,Mobile,1201592,
ELIAS HABTAMU W/ABB,Phone,+251 11 6635782,
ELIAS HABTAMU W/ABB,Mobile,+251 91 1204259/1230771,
TEKALEGNE HUNDE H/MICHAEL,Phone,+251 11 2137992/3718819,
Qwerty Trading Enterprise,Phone,+251 111 563121 | +251 111 563170,
Qwerty Trading Enterprise,Mobile,+251 913 885354,
ELFORA AGRO-INDUSTRIES PLC,Phone,+251 11 6450361,
SAAY PLC,Phone,+251 11 6624532/6188000,
SAAY PLC,Mobile,+251 91 1200148,
HEALTH CARE FOOD MANUFACTURERING PLC,Phone,+251 116 67 33 29,
HUDA TRADING,Phone,+251 11 3489662,
HUDA TRADING,Mobile,+251 91 1659152,
Marsilas Trading PLC (Marbel Ceramic),Phone,+251 11 6626279,
Marsilas Trading PLC (Marbel Ceramic),Phone 2,+251 11 6610267,
Marsilas Trading PLC (Marbel Ceramic),Mobile,+251 9 11218449,
TIGIST BERHE AREGAWI,Phone,+251 11 4408348,
TIGIST BERHE AREGAWI,Mobile,+251 91 1461522,
HAMZA KELIFA ADUS,Phone,2755371,
HAMZA KELIFA ADUS,Mobile,1235773,
ETHIO-MANA COMMERCIAL ENTERPRISE,Phone,+251 11 1559494/1111569/1559782,
ETHIO-MANA COMMERCIAL ENTERPRISE,Mobile,+251 91 1200766,
SINTAYEHU MULUGETA TADESSE,Phone,+ 251 113 491586,
SINTAYEHU MULUGETA TADESSE,Mobile,+251 911 610627,
ALI SEID MOHAMED,Mobile,+251 91 1930943/1138696,
ANWAR MOHAMED YUSUF,Phone,+251 11 4654128/1110760,
ANWAR MOHAMED YUSUF,Mobile,+251 91 1420710/1617018,
Habesha Agricultural Products PLC,Phone,+251912445539,
ASFAN-BEKISESSA URGESSA,Phone,+251 11 132796,
ASFAN-BEKISESSA URGESSA,Mobile,+251 91 1729085,
B.H.B GENERAL EXPORT,Phone,+251 114 400482,
B.H.B GENERAL EXPORT,Mobile,+251 911 200473,
ABDUREHIM ALI SALAH,Phone,+251 11 6260604,
ABDUREHIM ALI SALAH,Mobile,+251 91 1233431,
ENKU ASFAW MEKURIA,Mobile,+251 91 1306481,
TOSIGN TRADING,Phone,+251 11 6632929/6633535,
TOSIGN TRADING,Mobile,+251 91 1203252,
BELL GLOBAL PLC,Phone,+251 11 5154906,
BELL GLOBAL PLC,Mobile,+251 91 1207904/1609694,
MOHAMMED WARSAME HORRI,Phone,+251 11 4427142,
MOHAMMED WARSAME HORRI,Mobile,+251 91 1400627,
YE-ETHIOPIA CO-OPRETIVE SOCITIES GENERAL BUSINESS,Mobile,+251 91 0911633687/1250768,
BEYAN HASSAN,Phone,+251 11 4400482,
BEYAN HASSAN,Mobile,+251 91 1200473,
SOFIA YESUF,Mobile,1672836,
HAWA ALI,Phone,2765026,
HAWA ALI,Mobile,1137060,
MOHAMMED SALAHA ALISHIRE,Mobile,+251 91 1047726,
AHMED AWEL GENERAL EXPORT,Phone,+251 111 567819,
ALLIED CHEMICALS PLC,Phone,+251 116 182354,http://www.alliedcls.com
ALLIED CHEMICALS PLC,Mobile,+251 911 526352,http://www.alliedcls.com
ALLIED CHEMICALS PLC,Mobile 2,+251 962163557,http://www.alliedcls.com
ALLIED CHEMICALS PLC,Mobile 3,+251 929 907795,http://www.alliedcls.com
Alemayehu Mersha Adem Foreign Trade Auxiliary,Phone,+251 115 513966,
NATIONAL VETEREINARY INSTITUTE,Phone,+251 11 4338411/4338388,
NATIONAL VETEREINARY INSTITUTE,Mobile,+251 91 1385497,
Adorn Chemical PLC,Mobile,+251 920 886888 | +251 920 113051,
GAAFAR ENTERPRISE (BLUE NILE TANNERY) PLC,Phone,+251 11 3380816/17/18,
GAAFAR ENTERPRISE (BLUE NILE TANNERY) PLC,Mobile,+251 91 1206130,
MBATA (ETH) PVT LTD,Phone,+1251 11 5518857/5517605,
MBATA (ETH) PVT LTD,Mobile,+251 91 1222790/1419650,
BLACK LION INTERNATIONAL PLC,Phone,+251 11 4403378,
BLACK LION INTERNATIONAL PLC,Mobile,+251 91 1226782/1219024,
M.M.SADIK GENERAL TRADE,Phone,+251 11 1129996/1565815,
M.M.SADIK GENERAL TRADE,Mobile,+251 91 1207266,
HUSSIEN ASFIR,Mobile,+251 91 1205214,
ADEM AND SON'S PLC,Phone,+251 221 114203,
AGRI-CARE SEED & AGRO CHEMICALS TRADING,Phone,+251 11 1572022,
AGRI-CARE SEED & AGRO CHEMICALS TRADING,Mobile,+251 91 1406026,
PANTEC-ETHIOPIA PLC,Mobile,+251 91 1240243,
ABAY TANNERY PLC,Phone,+251 11 6625911,
ABAY TANNERY PLC,Mobile,+251 91 1406828,
ROZA MAMO YADETE,Phone,+251 11 5567851/65,
ROZA MAMO YADETE,Mobile,+251 91 1218346/1242337,
SHAMLA PLC,Phone,+251 11 5519918/5514409,
SHAMLA PLC,Mobile,+251 91 1227554,
"SOLOMON & ELENI IMPORTER, EXPORTER & FOREIGN TRADE AUXI...",Phone,+251 11 5502437,
"SOLOMON & ELENI IMPORTER, EXPORTER & FOREIGN TRADE AUXI...",Mobile,+251 91 1401954,
Adei Abeba Yarn Share Co.,Phone,+251 111 427078,
PERF INTERNATIONAL TRADING PLC,Phone,+251 11 6456520,
PERF INTERNATIONAL TRADING PLC,Mobile,+251 91 1405991,
MUJIB SAID SABIR,Phone,+251  11  4660829/30/4670376,
MUJIB SAID SABIR,Mobile,+251 91 1205244,
MESSAY PLC,Phone,+251 11 6626265/6626266,
MESSAY PLC,Mobile,+251 91 1623530,
HEK TRADING PLC,Mobile,+251 911 225566,http://www.hektrading.com
MIKE CAPITAL IMPORT,Mobile,+251 911 230222,
MIKE CAPITAL IMPORT,Mobile 2,+251 911 22 3341,
MIKE CAPITAL IMPORT,Mobile 3,+251 911 69 4969,
L,Mobile,+251 911 206449,
MAX  EXPORT,Phone,+251 112 763037,
Ammarr PP Bags and Plastic Factory PLC,Phone,+251 11 470 24 15,
Ammarr PP Bags and Plastic Factory PLC,Mobile,+251 930 37 76 36,
ABEBAW ANAGAW GENERAL IMPORT AND EXPORT,Phone,+251115549187,
ABEBAW ANAGAW GENERAL IMPORT AND EXPORT,Mobile,+251930099462,
MELAKU MEKONEN IMPORT EXPORT,Phone,+251 11 556465,
MELAKU MEKONEN IMPORT EXPORT,Mobile,+251 91 1208506,
YHAENU PRIVATE LIMITED COMPANY,Phone,+251 112 841426,
EKT Import and Export,Phone,+251 11 662 9581,
EKT Import and Export,Mobile,+251 91 1245479,
EKT Import and Export,Mobile 2,+251 93 0034408,
CDS (Chernet Dana Sana) Limited Import & Export,Phone,+251 11 6290550,
CDS (Chernet Dana Sana) Limited Import & Export,Mobile,+251 91 1135348,
CDS (Chernet Dana Sana) Limited Import & Export,Mobile 2,+251 912 956692,
FASIL AYELE REGASSA,Mobile,+251 91 200146,
YEHULASHET ARAGAW MEKURIA,Phone,+251 11 6263626,
YEHULASHET ARAGAW MEKURIA,Mobile,+251 91 1366230,
HELLENIC ENTERPRISE,Phone,+251 11 5516733,
HELLENIC ENTERPRISE,Mobile,+251 91 1754364,
WAMI TRADING,Phone,2138978,
WAMI TRADING,Mobile,1244025/1408750,
ALPHA TRADING PARTNERS PLC,Phone,+251 11 5151920,
ALPHA TRADING PARTNERS PLC,Phone 2,+251 11 5528084,
ALPHA TRADING PARTNERS PLC,Mobile,+251 91 1203254,
Murabaha Trading PLC,Phone,+251 911 20 88 74,http://www.murabaha-et.com/index.html
Murabaha Trading PLC,Mobile,+251 911 21 40 10,http://www.murabaha-et.com/index.html
Tilahun Chala Import and Export,Phone,+251 11 8959732,https://www.tilahunchala.com
Tilahun Chala Import and Export,Mobile,+251 930 01 34 58,https://www.tilahunchala.com
Tilahun Chala Import and Export,Mobile 2,+251 930 54 05 32,https://www.tilahunchala.com
Gambrea Trading PLC,Phone,+251 11 662 6875,http://www.gambreatrading.com
Gambrea Trading PLC,Phone 2,+251 11 662 6063,http://www.gambreatrading.com
Gambrea Trading PLC,Mobile,+251 91 1230347,http://www.gambreatrading.com
DES General Trading PLC,Phone,+251 11 116022,http://www.desethiopia.com
DES General Trading PLC,Mobile,+251 91 1201305,http://www.desethiopia.com
Dara Coffee Exporter PLC,Mobile,+251 91 123 8304,http://WWW.DARACOFFEE.COM
KAKI PLC,Phone,+251 116 670614,http://www.kakiplc.com
KAKI PLC,Phone 2,+251 115 50 7891/93,http://www.kakiplc.com
KAKI PLC,Mobile,+251 911 201888,http://www.kakiplc.com
KAKI PLC,Mobile 2,+251 911 214241,http://www.kakiplc.com
KAKI PLC,Mobile 3,+251 911 215830/ +251 911 225233,http://www.kakiplc.com
G-LINK Technolgy Company,Phone,+251 930 36 77 86,https://www.glink.et/
Aster Bunna,Mobile,+251 930 03 50 47,http://Www.asterbunna.com
Aster Bunna,Mobile 2,+251 930 03 50 49,http://Www.asterbunna.com
Belete Shibeshi PLC,Phone,+251 111 11 27 62,
Belete Shibeshi PLC,Phone 2,+251 111 55 91 90,
Belete Shibeshi PLC,Phone 3,+251 114 67 28 28,
Standby PLC,Mobile,+251911114361,
Said Jemal Rahmato PLC,Phone,+251 114 420932,
EPHREM ERECHO DEGU,Phone,+251 11 1573083,
EPHREM ERECHO DEGU,Mobile,+251 91 1444057,
MOHAMMED HASSEN ADEM,Phone,+251 11 6557716,
MOHAMMED HASSEN ADEM,Mobile,+251 91 1866498/1220874,
ABUBEKER SEID RETA,Mobile,+251 91 1216520,
AGERITU NURU,Phone,+251 11 4393093,
AGERITU NURU,Mobile,+251 11 1157200,
AZIZA PLC,Mobile,+251 91 1128692,
ABDULKERIM AHMED YIMAM,Phone,+251 11 2768512,
ABDULKERIM AHMED YIMAM,Mobile,+251 91 1243433,
NUREDIN AHMED HASSEN,Phone,+251 11 4666204,
NUREDIN AHMED HASSEN,Mobile,+251 91 1834592,
YARED YOHANNES ALEMAYEHU,Phone,+251 11 6626336,
YARED YOHANNES ALEMAYEHU,Mobile,+251 91 1457569,
EAST AFRICAN TRADING HOUSE LTD,Phone,+251 11 2760918/2767421/2767420,
EAST AFRICAN TRADING HOUSE LTD,Mobile,+251 91 1222672,
ADDIS TSIGE GEBRETSADIK,Phone,+251 11  6186847,
ADDIS TSIGE GEBRETSADIK,Mobile,+251 91  1195256,
NUR OSMAN EBRAHIM,Phone,+251 11 1141315,
NUR OSMAN EBRAHIM,Mobile,+251 91 1671877,
Blen Tsegye Business and Industry PLC,Phone,+251 116 464459 | +251 116 474775 |+251 116 474993 | +251 221 170012,
MOHAMMED BARI SHIRE,Mobile,+251 91 2018480,
SULTAN FETWI SEID,Phone,+251 11 2751397/3716843,
SULTAN FETWI SEID,Mobile,+251 91 1202089,
Kaddaba Agricultural Development PLC,Phone,+251 115 546800,
DHM INTERNATIONAL BUSINESS PLC,Phone,+251 11 5154357,
DHM INTERNATIONAL BUSINESS PLC,Mobile,+251 91 1401582/1192176,
FASIL GIRMA IMPORT EXPORT & A/M/SERVICE,Phone,+251 11 4424690,
FASIL GIRMA IMPORT EXPORT & A/M/SERVICE,Mobile,+251 91 1229419,
NIGUSU MULUGETA ABEBE,Phone,+251 11 1573729,
NIGUSU MULUGETA ABEBE,Mobile,+251 91 1201180,
Fre-selam PLC,Phone,+251 116 624395 | +251 221 170114 | + 251 114 320332,
Lusy International Ginnery,Phone,+251 114 169421 | +251 114 16 9425,
D.M.S TRADING PLC,Phone,+251 11 4663635/4163986/4655442,
D.M.S TRADING PLC,Mobile,+251 91 1214997/1217754,
Tsegaab Teklu Import Export PLC,Phone,+251-11-6525213,
HAJI AHMED MECHOT HARUN,Phone,+251 11 1573911,
HAJI AHMED MECHOT HARUN,Mobile,+251 91 1407606,
HIWET AGRICULTURE MECHANIZATION PLC,Phone,+251 115 152838 | +251 11 5514839,
HIWET AGRICULTURE MECHANIZATION PLC,Mobile,+251 911 201910,
TENDAHO AGRICULTURAL DEVELOPMENT S.C,Phone,+251 11 033-5560008/033-5560026/5153273/5514113,
TENDAHO AGRICULTURAL DEVELOPMENT S.C,Mobile,+251 91 1228243,
Aat General Trading and Management Service Plc,Phone,+251 112 787964,
Aat General Trading and Management Service Plc,Mobile,+251911 001245,
GEWANE AGRICULTURAL DEVELOPMENT PLC,Phone,+251 11 5524992/5524897,
GEWANE AGRICULTURAL DEVELOPMENT PLC,Mobile,+251 91 1203813,
Adgura Agro Industries PLC,Phone,+251 115 159438,
S.B. BUILDING CONTRACTOR & IMPORT & EXPORT,Phone,+251 11 6184029,
S.B. BUILDING CONTRACTOR & IMPORT & EXPORT,Mobile,+251 91 1606155,
MOHAMMED MEKINE HASSEN,Mobile,+251 91 1674728,
FITSUM TEDELA TEBEJE,Phone,+251 11 2781920,
FITSUM TEDELA TEBEJE,Mobile,+251 91 1250166,
CRAME TRADING PLC,Phone,+251 11 2789350,
CRAME TRADING PLC,Mobile,+251 91 1734237/1205293,
ML GLOBAL RESOURCES,Phone,60108024005,
SABA BARAKI WLDEANENIA,Phone,+251 11 6261416,
SABA BARAKI WLDEANENIA,Mobile,+251 91 1345271,
M.B  PLC,Phone,+251 11 4197421,
OMO VALLEY AGRO INDUSTRY PLC,Phone,+251 11 4673552,
OMO VALLEY AGRO INDUSTRY PLC,Mobile,+251 91 1614625,
SALEH ABDELA MOHAMMED,Phone,+251 11 1567128,
SALEH ABDELA MOHAMMED,Mobile,+251 91 1429288,
DAIRY DEVELOPMENT ENTERPRISE,Phone,+251 11 6460058/59/91,
DAIRY DEVELOPMENT ENTERPRISE,Mobile,+251 91 1225123,
SUMMIT AGRO INDUSTRY PLC,Phone,+251 11 6604874,
SUMMIT AGRO INDUSTRY PLC,Mobile,+251 91 1203189,
AECUR TRADING PLC,Phone,+251 11 1572929/1555446,
AECUR TRADING PLC,Mobile,+251 91 1200409,
TENAW ALEHEGNE LEMENEH,Phone,+251 112 781164,
TENAW ALEHEGNE LEMENEH,Mobile,+251 911 613507,
TOFEK ABDELA AMAN ENTERPRISE,Phone,+251 111 184541,
TOFEK ABDELA AMAN ENTERPRISE,Mobile,+251 911 246848,
BADECHI AND FAMILY PLC,Mobile,+251 11 1205515,
DANIEL ALEMU BELAY,Phone,+251 115 523955,
DANIEL ALEMU BELAY,Mobile,+251 911 662536,
ETALE BUSINESS PLC,Phone,+251 113 714905,
ETALE BUSINESS PLC,Mobile,+251 911 642537,
ALEMAYEHU DERESSE,Phone,+251 111 567310,
ALEMAYEHU DERESSE,Mobile,+251 911 208237,
KOONFEYEKUN INTERNATIONAL BUSINESS P.L.C,Phone,+251 116 620368,
KOONFEYEKUN INTERNATIONAL BUSINESS P.L.C,Mobile,+251 911 731785,
SIDRAM IMPORT & EXPORT ENTERPRISE,Phone,+251 111 563506,
SIDRAM IMPORT & EXPORT ENTERPRISE,Mobile,+251 911 245495,
AL-NUJUM GENERAL BUSINESS,Phone,+251 116 189430,
AL-NUJUM GENERAL BUSINESS,Mobile,+251 911 202403 |  +251 911 202404,
DIGAFIE SHENKUTE W/MARIAM,Phone,+251 11 1572522,
MUSTEFA & SONS PLC,Phone,+251 112 130891,
MUSTEFA & SONS PLC,Mobile,+251 911 244562,
ALENE ADMAS TEGEGNE,Phone,+251 111 555700,
ALENE ADMAS TEGEGNE,Mobile,+251 911 220099,
SULTAN GUREDIN HUSSEN,Mobile,+251 91 1765458,
YIRGALEM TAGEL IMPORT EXPORT,Phone,+251 114 667726,
YIRGALEM TAGEL IMPORT EXPORT,Mobile,+251 911 608112,
HAFIZ MOHAMMED ALI,Phone,+251 111 566346,
HAFIZ MOHAMMED ALI,Mobile,+251 911 220166,
EGMAK TECHNICAL TRADING,Phone,+251 11 5515250/5534278,
ABDU MOHAMMED AHMED SHERIF,Phone,+251 11 6456849,
ABDU MOHAMMED AHMED SHERIF,Mobile,+251 91 1638032,
FISH PRODUCTION & MARKETING ENTERPRISE,Phone,+251 11 4420924/4400341/4425334,
FISH PRODUCTION & MARKETING ENTERPRISE,Mobile,+251 91 1639460/1221712,
Habtamu & Demilie Import & Extport,Mobile,+251 913 353580,
Minaye PLC,Phone,+251 113 728667-69,http://www.deluxefurniture-et.com
Minaye PLC,Phone 2,+251 113  691007-09,http://www.deluxefurniture-et.com
Minaye PLC,Phone 3,+251 113 725657,http://www.deluxefurniture-et.com
HARNESS IMPORT & EXPORT,Mobile,+251 911 196251 | +251 910 035578,
MESERET ASSEFA,Phone,+251 11 1111312,
MESERET ASSEFA,Mobile,+251 91 1129106,
D.H.S TERANSIT PLC,Phone,+251 116 620277,
D.H.S TERANSIT PLC,Mobile,+251 911 202573,
Hadia Enterprise Holetta Roses PLC,Phone,+251 116 513365 |  +251 116 513969,
Hadia Enterprise Holetta Roses PLC,Mobile,+251 911 201230  |  +251 911 502157,
OUMER ISMAEL SHERIFA,Phone,+251 118 501296,
OUMER ISMAEL SHERIFA,Mobile,+251 911 648949,
SOLOMON BEREKETAB ZEMICHAEL,Phone,+251 116 614265,
SOLOMON BEREKETAB ZEMICHAEL,Mobile,+251 920 006984,
MAM TRADING PVT.LId. COMPANY,Phone,+251 114 402080,
Derba  Flower,Phone,+251 115 540368,
SPIRIT PLC,Phone,+251 11 6521210,
SPIRIT PLC,Mobile,+251 91 1507225,
Red Fox,Phone,+251 221 129250,
DUET ENTERPRIZE,Phone,+251 11 5533237/5534696/5534699,
DUET ENTERPRIZE,Mobile,+251 91 1200593,
Awassa Green Woods PLC,Phone,+251 115 528900 | +251  462 210045,
ZELALEM EMBAYE TESFAHUNEGN,Mobile,+251 91 1079783,
Seit Agro PLC,Phone,+251 115 533684,
Super Arsity Flower PLC,Phone,+251 115 533237 |  +251 115 534696/99,
Super Arsity Flower PLC,Mobile,+251 911 141876,
Super Arsitte,Phone,+251 115 534696 | +251 115 534699,
MENAGESHA FLOWERS PLC,Phone,+251 11 5523581//80/5512033,
MENAGESHA FLOWERS PLC,Mobile,+251 91 1502121,
WHITE FLOWER GENERAL TREDING PLC,Phone,+251 11 4165317/4671015,
WHITE FLOWER GENERAL TREDING PLC,Mobile,+251 91 1240844/1945051,
MOHAMED ALI MULAW,Phone,+251 112 753502,
MOHAMED ALI MULAW,Mobile,+251 911 249185,
Green Forests Export and Import,Mobile,+251 911 257997,
Liban Impex,Phone,+251 113 69 20 78,https://libanimpex.com/
Liban Impex,Phone 2,+251 112 31 10 05,https://libanimpex.com/
Liban Impex,Mobile,+251 902 30 75 75,https://libanimpex.com/
Liban Impex,Mobile 2,+251 920 33 00 22,https://libanimpex.com/
MINAYE FLOWERS PLC,Phone,+251 113 728667,
ORMIA WONDERS PLC,Phone,+251 116 181222,
ALEMAYEHU ZELEKE NIGUSSIE,Phone,+251 116 602806,
ALEMAYEHU ZELEKE NIGUSSIE,Mobile,+251 911 210784,
OMEGA FARMS PLC,Phone,+251 114 669273,
AMARD INDUSTRY PLC,Phone,+251 11 2754395,
AMARD INDUSTRY PLC,Mobile,+251 91 1433049,
BEAUTY GREEN PLC,Phone,+251 115 544601,
TINAW BUSINESS S.CO.,Phone,+251 113 720110,
ERMIASE BIRU BADIE,Phone,+251 11 5521600,
ERMIASE BIRU BADIE,Mobile,+251 91 1209888,
SELAM FLOWER PLC,Phone,+251 115 502989,
DIRE HIGHLAND FLOWERS PLC,Phone,+251 115 514793,
NUREDIN HASSEN KENFELA,Phone,+251 11 4197721/22,
NUREDIN HASSEN KENFELA,Mobile,+251 91 1221155,
Gurmed Fruit & Veg. Exporter Service Giving PLC,Mobile,+251 915 730883,
Diamond General Services,Phone,+251 111  517398,
BLEN FLOWERS PLC,Phone,+251 116 627299,
TERRA PLC,Phone,+251 11 4654321,
Wanza Furnishings Industry PLC,Phone,+251 115 51 79 99,http://WWW.midroc-ethitechgroup.com
Wanza Furnishings Industry PLC,Phone 2,+251 115 53 18 77,http://WWW.midroc-ethitechgroup.com
ETHIO-DUCHE FURNITURE PLC,Phone,+251 114 334769,
TRIO CRAFT PLC,Phone,+251 114 400752,
TRIO CRAFT PLC,Mobile,+251 911 641949  |   +251 911 679359  | +251 911 822875,
Legesse Zeru Import and Export,Phone,+251-9-300426,
Nile Industrial & Commercial PLC,Phone,+251 114 665452,
Nile Industrial & Commercial PLC,Mobile,+251 911 207467,
Yenebeb Spong Spring Sope,Phone,+251 11 65  44593,
Quaqura Gemstones,Phone,+251 118 278949,
Quaqura Gemstones,Mobile,+ 251 920 052105,
Quaqura Gemstones,Mobile 2,+ 251 912 607939,
ELMEC ENGINEERING PLC,Phone,+251 11 4667556/4667558/4667559,
ELMEC ENGINEERING PLC,Mobile,+251 91 1201165,
ETHIO-AUSTRIA IMP-EXP PLC,Phone,+251 11 5736114,
ETHIO-AUSTRIA IMP-EXP PLC,Mobile,+251 91 1403555,
ASRAT MAMO G/MARIAM,Phone,+251 11 6625956,
ASRAT MAMO G/MARIAM,Mobile,+251 11 1697261,
AYALKEM YABSERA GENERAL TRADING PLC,Phone,+251 11 5544570,
AYALKEM YABSERA GENERAL TRADING PLC,Mobile,+251 91 1248243,
SAMRUTH PLC,Mobile,+251 91 1211448,
ALEM KEFYALEW WONDIMAGEGN,Mobile,+251 91 1465335,
BIRUK ASHINE,Mobile,+251 91 1218361,
KEBEDE BASHA GUDU,Phone,+251 11 4666671,
ERMIYAS GOBEZE BIRARA,Phone,+251 116 292664 | +251 116 628040,
ERMIYAS GOBEZE BIRARA,Mobile,+251 912 200989,
Bizcom General Business PLC,Phone,+251 115 547571 | +251 111 551472,
Bizcom General Business PLC,Mobile,+251 911 602563,
3T IMPORT EXPORT,Phone,+251 11 2594630,
KRYSTA RESOURCES TRADING PLC,Mobile,+251929112022,
KRYSTA RESOURCES TRADING PLC,Mobile 2,+251911216144,
Seven Resources Mining Processing and Export PLC,Phone,+251 913 833627,
Eden General Export,Mobile,+251-911-600569/ 921 605729,
K & S PETROLEUM & MINING EXPLORATION PLC,Phone,+251 11 4401868/69,
TEFERI GOBEZIE BIRARA,Mobile,+251 11 1657962,
FITSUM INTERNATIONAL NATURAL HEALTH HEADING CENTER,Phone,+251 11 5512933/5512877,
FITSUM INTERNATIONAL NATURAL HEALTH HEADING CENTER,Mobile,+251 91 1246404,
AGAZ General Trading P.L.C/ Me Ethiopia Tour and Travel,Phone,+251 11 6467185,http://agaztrading.com
AGAZ General Trading P.L.C/ Me Ethiopia Tour and Travel,Phone 2,+251 11 6467579,http://agaztrading.com
AGAZ General Trading P.L.C/ Me Ethiopia Tour and Travel,Mobile,+251 91 1201927,http://agaztrading.com
AGAZ General Trading P.L.C/ Me Ethiopia Tour and Travel,Mobile 2,+251 91 1201168,http://agaztrading.com
AGAZ General Trading P.L.C/ Me Ethiopia Tour and Travel,Mobile 3,+251 91 3247847,http://agaztrading.com
ELDES ENGINEERING PLC,Phone,+251 118 26 90 67,
ELDES ENGINEERING PLC,Mobile,+251 911 22 35 36,
ELDES ENGINEERING PLC,Mobile 2,+251 911 75 86 09,
ELDES ENGINEERING PLC,Mobile 3,+2511 930 00 02 22,
GELAYEA DENEKE W/MICHAEL,Phone,+251 11 2752869/2792513,
GELAYEA DENEKE W/MICHAEL,Mobile,+251 91 1230753,
ABDUREHMAN REDI ORMAGO,Mobile,+251 91 1890142,
AL ADI ARHA TRADING PLC,Phone,+251 116 628256,
AL ADI ARHA TRADING PLC,Mobile,+251 911 223637 | +251 911 202304,
YIMARG GENERAL TRADING,Phone,5510612,
YIMARG GENERAL TRADING,Mobile,1200341,
REBECCA ADMASSU ZELEKE,Phone,+251 11 4653503,
REBECCA ADMASSU ZELEKE,Mobile,+25 91 1415554,
ABDELLA YIMER AREGAW,Mobile,+251 91 1205964,
ABDERKADER MOHAMED MOHAMED,Phone,+251 11 2703823,
ABDISHIDE ADEN DERY,Phone,+251 116 183058 | +251 116 638492,
ABDISHIDE ADEN DERY,Mobile,+251 111 208441,
NASIR MARUF ABDULKADIR,Phone,+251 11 6625415,
Davica World Wide Import & Export,Phone,+251 11 6477262,
Davica World Wide Import & Export,Mobile,+2511 91 2210915,
MUSTEFA AWEL MOHAMMED,Phone,+251 11 2780291,
MUSTEFA AWEL MOHAMMED,Mobile,+251 91 1602595,
SHAFI IBRAHIM MOHAMMED,Phone,+251 11 2752199,
SHAFI IBRAHIM MOHAMMED,Mobile,+251 91 1611770,
AHED GENERAL BUSINESS PLC,Mobile,+251 911 219710,
ABDURAZAK REDI ABDULSELAM,Phone,+251 11 4917779,
ABDURAZAK REDI ABDULSELAM,Mobile,+251 91 4166784,
RAHEL MOHAMMED FEYESSA,Phone,+251 11 4161376/4667216,
RAHEL MOHAMMED FEYESSA,Mobile,+251 91 1202022,
MARTA ASRAT SEMMU,Phone,+251 11 4653914,
MARTA ASRAT SEMMU,Mobile,+251 91 1231599,
YOHANNIS NEGASH G/YOHANNIS,Phone,+251 11 5521050,
YOHANNIS NEGASH G/YOHANNIS,Mobile,+251 91 1118322,
TAMERU MULUNEH,Phone,+251 11 1557963,
TAMERU MULUNEH,Mobile,+251 91 1227624,
SALEK ALBERTO VITORIO,Phone,+251 11 1114721/1563696/5529261,
RINA INTERNATIONAL TRADING PLC,Phone,+251 11 4669971/6180698,
RINA INTERNATIONAL TRADING PLC,Mobile,+251 91 1200787/1209089,
NEJAT BERHAN MOHAMMED,Phone,+251 11 6470408,
NEJAT BERHAN MOHAMMED,Mobile,+251 91 1613205,
KONIMIX TRADING,Phone,+251 11 6622735,
KONIMIX TRADING,Mobile,+251 91 1209236,
YETMWORK ASSEFA FANTAYE,Phone,+251 11 6624331,
YETMWORK ASSEFA FANTAYE,Mobile,+251 91 1217903,
GE.DE.DO.SE GENERAL EXPORT & IMPORT,Phone,+251 11 5155823,
GE.DE.DO.SE GENERAL EXPORT & IMPORT,Mobile,+251 91 1660859,
KIDA PRECIOUS MINERALS  PRODUCTION EXPORTING PLC,Phone,+251 118 480080,
KIDA PRECIOUS MINERALS  PRODUCTION EXPORTING PLC,Mobile,+251 911 611798,
KIDA PRECIOUS MINERALS  PRODUCTION EXPORTING PLC,Mobile 2,+251 911 400315,
NEGASH MEADEN EXPORT PLC,Phone,+251 114 442456,
NEGASH MEADEN EXPORT PLC,Mobile,+251 911 869209,
DEMASH INTERNATIONAL BUSINESS,Phone,+251 111 231180,
DEMASH INTERNATIONAL BUSINESS,Mobile,+251 911 991899,
DEMASH INTERNATIONAL BUSINESS,Mobile 2,+251 911 889996,
NIGSTY GIDEY GEBREMICHAELE,Mobile,+251 911 363966,
YEMANE ZEBELLO ABRHA,Phone,+251 11 4670383,
YEMANE ZEBELLO ABRHA,Mobile,+251 91 1206307,
"YEGNA SEW GEMSTON & GOLD GENERAL EXPORT, ENTERPRISE",Phone,+251 11 1567215,
"YEGNA SEW GEMSTON & GOLD GENERAL EXPORT, ENTERPRISE",Mobile,+251 91 1815940,
SELAMAWIT KIFLEMARIAM HAILU,Phone,+251 11 3717657,
SELAMAWIT KIFLEMARIAM HAILU,Mobile,+251 11 1699336,
YONAS G/GIORGIS G/MARIAM,Phone,+251 116 613097,
YONAS G/GIORGIS G/MARIAM,Mobile,+251 911 209576,
F.H.Y. INTERNATIONAL PLC,Mobile,+251 91 1233664,
BANTE TASISA NEGEWO,Phone,+251 11 1552699,
BANTE TASISA NEGEWO,Mobile,+251 91 1217683,
ABEBE KASSA ALEMU,Phone,+251 11 1562533,
ABEBE KASSA ALEMU,Mobile,+251 91 1219327,
ATAKILT GENERAL IMPORT & EXPORT,Mobile,+251 91 1217911,
KALID ABDELLA KONTANO,Phone,+251 11 4408897,
KALID ABDELLA KONTANO,Mobile,+251 91 3489107,
WONDWOSSUN HAILU NEGUSSAE,Phone,+251 114 401046,
WONDWOSSUN HAILU NEGUSSAE,Mobile,+251 111 441328,
ZERAY DESTA BAYRUW,Phone,+251 11 6633453,
ZERAY DESTA BAYRUW,Mobile,+251 91 1249336,
TESHOME HAILE BESHAH  ENTERPRISE,Mobile,+251 911 192463,
MIDROC GOLD MINE PLC,Phone,+251 11 3728218/3728219,
RIFT VALLEY GEMSTONES IMPORT & EXPORT,Phone,+251 11 5520889,
RIFT VALLEY GEMSTONES IMPORT & EXPORT,Mobile,+251 91 1621598/1930702,
Elizabeth Sahilu Export and Import,Mobile,+251 911 257997,
KIBCO TRADING,Phone,+251 116 620251,
KIBCO TRADING,Mobile,+251 911 201255,
,Phone,+251 11 6613055/4161986/4667912,
,Mobile,+251 91 1220448,
5 CUPS PLC,Phone,+251 11 4432341/4422914,
5 CUPS PLC,Mobile,+251 91 1200123,
MARO INTERANTIONAL PLC,Phone,+251 11 3492607/1116694/95,
MARO INTERANTIONAL PLC,Mobile,+251 91 1637728,
SLANGE PLC,Phone,+2511564800,
SLANGE PLC,Mobile,+251 911 201851,
SLANGE PLC,Mobile 2,+251 911 486846,
EBRAHIM AHMED SALEBAN,Mobile,+251 910 633116,
MOHAMMED AHEMED ALI,Phone,+251 11 1564558,
MOHAMMED AHEMED ALI,Mobile,+251 91 1205588,
Beles P.L.C,Phone,+251 116 180838 | +251 116 180839,
Beles P.L.C,Mobile,+251 911 244524,
RAMIDUS TRADING & INDUSTRY PLC,Phone,+251 11 5530892,
RAMIDUS TRADING & INDUSTRY PLC,Mobile,+251 91 1211148,
LEUL BERHIE KAHSSAIE,Phone,+251 11 5530892,
LEUL BERHIE KAHSSAIE,Mobile,+251 91 1211148,
ADDIS ZENBABA PLC,Phone,+251 116 635481,
ADDIS ZENBABA PLC,Phone 2,+251 116 6636292,
ADDIS ZENBABA PLC,Mobile,+251 911 489698,
NATURAL GUM PROCESSING & MARKETING ENTRPRISE,Phone,+251 11 5527082/5527083/5538595,
NATURAL GUM PROCESSING & MARKETING ENTRPRISE,Mobile,+251 91 1207966,
NIGISTI KIDANU FIKADU,Phone,+251 11 6292729,
NIGISTI KIDANU FIKADU,Mobile,+251 91 1239453,
Pazion Cultural Development,Phone,+251 115 508710,
Pazion Cultural Development,Mobile,+251 911 212565,
T and H Designs,Mobile,+251 911 977486 | +251 913 472639,
Handicrafts of Ethiopia,Phone,+251 115 504982,
Handicrafts of Ethiopia,Mobile,+251 911 406559,
"Negist Ethiopia, General Import & Export",Phone,+251 113 728080,
"Negist Ethiopia, General Import & Export",Mobile,+251 911 216944 |  +251 911 208405,
Hanna Import Export,Phone,+251 116 260733,
Hanna Import Export,Mobile,+251 911 667044,
Adilla Crafts,Phone,+251  115  529999,
Adilla Crafts,Mobile,+251 911 600559,
ALMETA IMPEX PLC,Phone,+251 11 5534222,
ALMETA IMPEX PLC,Phone 2,+251 11 5515552,
ALMETA IMPEX PLC,Phone 3,+251 11 5515446,
ALMETA IMPEX PLC,Mobile,+251 91 1254641,
Gebsol International PLC,Phone,+251 115 530222,
Gebsol International PLC,Mobile,+251 911 202490,
TENAYE BEYENE TESFAEGZI,Phone,+251 11 4166251,
TENAYE BEYENE TESFAEGZI,Mobile,+251 91 1429113,
Melese Teka shoe Factory,Phone,+251 11 2751877,
ALISARHAN AHMED,Phone,+251 11 6185426,
ALISARHAN AHMED,Mobile,+251 91 3127912,
ETHIO LEATHER INDUSTRY PLC,Phone,+251 114 424726 | +251 114 432419,
WALLIA LEATHER PLC.,Phone,+251 11 4421212/4422367,
WALLIA LEATHER PLC.,Mobile,+251 91 1207331,
Genuine Leather Crafts PLC,Phone,+251 11 5531894,
Genuine Leather Crafts PLC,Mobile,+251 91 1217284,
Modern Zege Leather Garments,Phone,+251 115 157279,
Modern Zege Leather Garments,Mobile,+251 911 208767,
Berehe Assefa Shoe Factory,Phone,+251 111 223137,
Berehe Assefa Shoe Factory,Mobile,+251 911 117384,
GELAN TANNERY PLC,Phone,+251 11 1574701,
GELAN TANNERY PLC,Mobile,+251 91 1205562,
Ethio International Footwear,Phone,+251 116 612447 | +251 116 612475,
Ethio International Footwear,Mobile,+251 912 160106,
Combolcha Tannery S.C,Phone,+251 115 514075,
MESACO Global PLC,Phone,+251 111 568119,
MESACO Global PLC,Mobile,+251 911 212678,
Gellan Tannery PLC,Phone,+251 111 57470,
Gellan Tannery PLC,Mobile,+251 911 205562,
Habesha Tannery PLC,Mobile,+251 91 0013878,
ENDALE WONDIMU G/MARIAM,Mobile,+251 91 1243290,
ABT Tanner,Phone,+251 114 165302,
Taytu Trade and Industry PLC,Phone,+251 115 159850 | +251 115 159876,
Taytu Trade and Industry PLC,Mobile,+251 911 635644,
Desse Tannery,Phone,+251 11 5514075,
Jonzo Leather Garments,Phone,+251 11 6621508 | +251 11 6621509,
Jonzo Leather Garments,Mobile,+251 91 1204240,
REMEDAN YESUF ABDULAHI,Mobile,+251 91 1406969,
HASSEN ABDULKADIR ADEM,Phone,+251 11 2590190,
HASSEN ABDULKADIR ADEM,Mobile,+251 91 1663348,
WALID ABDULWAHID ABDURHMAN,Phone,+251 11 6545918,
WALID ABDULWAHID ABDURHMAN,Mobile,+251 91 7811323,
MARS PLC,Phone,+251 11 1551440/1550781/1550970,
MARS PLC,Mobile,+251 91 1204943,
LAKE TIRUNEH TEMESGEN,Phone,+251 11 1561180,
LAKE TIRUNEH TEMESGEN,Mobile,+251 91 1420462,
LEMI GOBU GUTEMA,Mobile,+251 91 1609942/1640960,
YIBELTALE ASHENAFI ABATE,Phone,+251 112 781313/2771126,
YIBELTALE ASHENAFI ABATE,Mobile,+.251 91 1205347,
UNITED ASSOCIATES PLC,Phone,+251 11 1562421,
UNITED ASSOCIATES PLC,Mobile,+251 91 1231699,
FEYNET TRADING PLC,Phone,+251 11 4390114/4396084,
FEYNET TRADING PLC,Mobile,+251 91 1400483,
SEAL-SERVER TRADING COMPANY,Phone,+251 11 3203627/3201270,
SEAL-SERVER TRADING COMPANY,Mobile,+251 91 1407464,
G & K PLC,Phone,+251 11 5154744/3483465,
G & K PLC,Mobile,+251 91 1638476,
KIDANEMARIAM KAHESAY,Phone,+251 11 5537663,
KIDANEMARIAM KAHESAY,Mobile,+251 91 1641736,
AWEKE MESFIN BEKELE,Phone,+251 11 6616649,
AWEKE MESFIN BEKELE,Mobile,+251 91 1456803,
Mesfin Fetene Leather Products | መስፍን ፈጠነ የቆዳ ውጤቶች,Mobile,+251 913 911182,
MERYAM YASSIN KEDIR,Phone,+251 11 1238954,
MERYAM YASSIN KEDIR,Mobile,+251 91 1481861,
DESSALEGN LIRE TIBEMO,Phone,+251 11 2779683,
DESSALEGN LIRE TIBEMO,Mobile,+251 91 658670,
Ziten Leather Product,Mobile,+251 911 815728,
TADDESSE MANAMO LAMBEBO,Phone,+251 11 2759120,
TADDESSE MANAMO LAMBEBO,Mobile,+251 91 1417663,
Nabe Leather Craft,Mobile,+251 911 602428,
LAREBO YASHE SHEDIMO,Phone,+251 11 3200297,
LAREBO YASHE SHEDIMO,Mobile,+251 91 412656,
SORET ABERA DANBOBA,Mobile,+251 91 1425734,
EVA LEATHER,Mobile,+251 9 11665984,
EVA LEATHER,Mobile 2,+251 9 23466712,
DEEQ HASSEN DUALE,Phone,+251 11 6262316,
DEEQ HASSEN DUALE,Mobile,+251 91 1623900,
Abysiniya Leather Garments,Phone,+251 11 5526898,
Abysiniya Leather Garments,Mobile,+251 91 1230527,
DINKNESH TEKA REDI,Phone,+251 11 6540986,
Ethio Shoe & Leather Articles Trading PLC,Phone,+251 115 550058 | +251 115 550056,
Ethio Shoe & Leather Articles Trading PLC,Mobile,+251 911 230002,
GETRAK INTERNATIONAL TRADING CO.,Phone,+251 11 5527706/07,
GETRAK INTERNATIONAL TRADING CO.,Mobile,+251 91 1228126,
TAMEYALEW ASSEFA BEKELE,Phone,+251 11 1118564,
TAMEYALEW ASSEFA BEKELE,Mobile,+251 91 1672712/1642732,
Lalina Leather& Leather Product PLC,Mobile,+251 9 11914560,
Aminat Nuru import & Export Enterprise,Phone,+251 112 782026,
Aminat Nuru import & Export Enterprise,Mobile,+251 911 401224,
Dr.Tefera Hailu Exporter,Mobile,+251 911 344820,
Shag Import Export Enterprise,Phone,"+251 11 553 7877, , 11 551 0770, 11 552 9800",
Shag Import Export Enterprise,Mobile,+251 91 120 8922,
Mahammed Abdi Mahammed Nur,Mobile,+251 911 394426,
JORDENIEN FOR DEVELOPMENT ANIMAL RESOURCE PLC,Phone,+251 11 6298111/6298223/6298217,
JORDENIEN FOR DEVELOPMENT ANIMAL RESOURCE PLC,Mobile,+251 91 1448212/13/11,
I.T.A Agro Industry PLC,Phone,+251 111 551860 | +251 111 112786,
I.T.A Agro Industry PLC,Mobile,+251 911 216976,
GIRMAY KIDANE G/AREGAY,Mobile,2200546,
IONEX PLC,Phone,+251 11 6185554/4164053,
IONEX PLC,Mobile,+251 11 1200939,
SIRAK G/AMLAK WORKALEMAHU,Phone,+251 11 6612670,
SIRAK G/AMLAK WORKALEMAHU,Mobile,+251 91 1244951/1203444,
TAKEM Agro industry,Phone,+251 115 511070,
TAKEM Agro industry,Mobile,+251 911 247555,
Ayele Tezera Livestock Fattening & Exporter,Phone,+251 114 663749 | +251 463 312836,
Ayele Tezera Livestock Fattening & Exporter,Mobile,+251 911 344977,
TEFERA HAILU W/AREGAY (Dr.),Phone,+251 11 5150122,
TEFERA HAILU W/AREGAY (Dr.),Mobile,+251 91 1344820,
Kalied Ahmed Importer & Exporter,Phone,+251 221 128231 | +251 221 128232,
Kalied Ahmed Importer & Exporter,Mobile,+251 911 220013,
BERHAN ABADI KHASAY,Phone,+251 11 1563279,
BERHAN ABADI KHASAY,Mobile,+251 91 1713009,
ABDOS TRADING,Phone,+251 11 1112786,
ABDOS TRADING,Mobile,+251 91 1207315,
Abdurahman Umer Abdi General Import & Export,Phone,+251 116 632699 | +251 116 632700,
Abdurahman Umer Abdi General Import & Export,Mobile,+251 911 406176,
AHMED ADEM IBRAHIM,Phone,+251 11 5502326,
AHMED ADEM IBRAHIM,Mobile,+251 91 1367350,
TSEGAYE MEGALE FORSIDA,Phone,+251 11 2750565,
SABA DIMENSIONAL STONES PLC,Phone,+251 11 5513102/5512598,
SABA DIMENSIONAL STONES PLC,Mobile,+251 91 1110292/1702234,
TIS ABAY INTERNATIONAL PLC,Phone,+251 11 4421045,
TIS ABAY INTERNATIONAL PLC,Mobile,+251 91 1217226,
ETHIOPIAN MARBLE PROCESSING ENTERPRISE,Phone,+251 11 4661111/46666308,
ETHIOPIAN MARBLE PROCESSING ENTERPRISE,Mobile,+251 91 1208477,
NATIONAL MINING CORPORATION PLC,Phone,+251 11 3711887,
ADO INTERNATIONAL PLC,Phone,+251 11 4400360,
ADO INTERNATIONAL PLC,Mobile,+251 91 1229701,
Gasco Trading PLC,Phone,+251 11 5513337,http://www.gascotrading.org.et
Gasco Trading PLC,Phone 2,+251 11 5531865,http://www.gascotrading.org.et
Gasco Trading PLC,Mobile,+251 91 1880772,http://www.gascotrading.org.et
Gasco Trading PLC,Mobile 2,251 92 9174474,http://www.gascotrading.org.et
Gasco Trading PLC,Mobile 3,+251 91 2038283,http://www.gascotrading.org.et
HURSO TRADING PLC,Phone,+251 11 4651449,
HURSO TRADING PLC,Mobile,+251 91 1667603,
Via Life Plc Meet Export,Phone,+251 11 6626850,
Via Life Plc Meet Export,Mobile,+251 9 11235043,
SAAFI TRADING & AGRO INDUSTRY PLC,Phone,+251 11 5513121/5513654/5513334,
SAAFI TRADING & AGRO INDUSTRY PLC,Mobile,+251 91 1203177,
ALI AHMED ALI,Phone,+251 11 1561031,
ALI AHMED ALI,Mobile,+251 911603678,
CHERINET KEBEDE MECHESSO,Mobile,+251 91 1231677,
MERID WERETA GOBYE,Phone,+251 11 6512164,
MERID WERETA GOBYE,Mobile,+251 91 1230942,
ARROW GENERAL TREADING PLC,Phone,+251 115 504018,
ARROW GENERAL TREADING PLC,Mobile,+251 911 208785,
ADEM MOHAMMED ALI,Phone,+251 11 5546608/5544866,
ADEM MOHAMMED ALI,Mobile,+251 91 1226546,
ADANE W/SENBET KILTU,Phone,+251 11 6462895,
ADANE W/SENBET KILTU,Mobile,+251 91 1201776,
ASSEFU T/HAYMANOT KAHSAY,Mobile,+251 91 1400211,
ALEM MENGISTU MELESE,Phone,+251 11 6615050,
ALEM MENGISTU MELESE,Mobile,+251 91 1208272,
MEHDI EBRAHIM,Phone,+251 11 5545936,
MEHDI EBRAHIM,Mobile,+251 91 1433040,
Labaid Trading PLC,Mobile,09-31-84-84-84,
Labaid Trading PLC,Mobile 2,09-22-42-84-00,
ARFAB ENGINEERING,Phone,+251 11 1117484,
ARFAB ENGINEERING,Mobile,+251 91 1203029,
Q-DIAGNOSTICS P.L.C,Phone,+251 11 6299080,
Q-DIAGNOSTICS P.L.C,Mobile,+251 91 1601619,
SINO-ETHIOP ASSOCIATE /AFRICA/,Phone,+251 11 4450063/4450034,
LABORA INTERNATIONAL TRADING PLC,Phone,+251 11 4665553/54/55/4160105/4672393,
LABORA INTERNATIONAL TRADING PLC,Mobile,+251 91 1202384/1636927,
EAST AFRICAN PHARMACEUTICALS PLC.,Phone,+251 11 6632903/04/6461457,
PHARMACURE PLC,Phone,+251 11 6604820/6604823,
DEMELASH MAMO  NEWAY,Mobile,+251 91 1415943,
FAKS GENERAL TRADING ENTERPRISE,Phone,+251 11 1570857,
FAKS GENERAL TRADING ENTERPRISE,Mobile,+251 91 1211858,
ENGESKO ETHIOPIA MFG&TRADING PLC,Phone,+251 11 3484518,
ENGESKO ETHIOPIA MFG&TRADING PLC,Mobile,+251 91 1647457,
GIRMA ESHETU BEYENE,Phone,+251 11 4401197,
GIRMA ESHETU BEYENE,Mobile,+251 91 1208221,
SINGIKO DANMARK ETHIOPIA PLC,Phone,+251 11 3382156,
SINGIKO DANMARK ETHIOPIA PLC,Mobile,+251 91 1236325,
BEZA INDUSTRY PLC,Phone,+251 11 2798943/2795937/2791744,
BEZA INDUSTRY PLC,Mobile,+251 91 1218532,
"Habtamu, Fiker and Friends Mineral P/S | ሃብታሙ፣ ፍቅር እና ጓ...",Mobile,+251 910 435028,
GREAT ABYSSINIA PLC,Phone,+251 11 1141414/5531199,
GREAT ABYSSINIA PLC,Mobile,+251 91 1219251,
AMBO MINERAL WATER FACTORY,Phone,+251 11 5517333/5511756,
YELLOWBRICK MINERALS TRADING PLC,Phone,+251 11 6180427,
YELLOWBRICK MINERALS TRADING PLC,Mobile,+251 91 13120833/1772621,
ADUGNA DINSA TOLERA,Phone,+251 11 6261045,
ADUGNA DINSA TOLERA,Mobile,+251 91 1123111,
ORBIT ETHIOPIA PLC,Phone,+251 11 4663385,
ORBIT ETHIOPIA PLC,Mobile,+251 91 1605436,
Dil Commercial P.L.C,Phone,+251 116 189734,
Dil Commercial P.L.C,Mobile,+251 911 204034,
ENOCK PLC,Phone,+251 11 1560487,
Ambo Nyamar Agro & Integrated Industries S.C,Phone,+251 118 613924/0116633591/0923157478/79/80,
DEMEKECH TEFERI ASEGEDEA,Phone,3710284,
DEMEKECH TEFERI ASEGEDEA,Mobile,1216990,
SINKENESH KASSA MELESE,Phone,+251 11 4193402,
KEIRIA BEREKA AHMED,Mobile,+251 91 1153515,
HADDIS  MULUGAINT TAFESS,Mobile,+251 91 1202399,
ZEYNEB IBRAHIM MOHAMMED,Phone,+251 11 5522466,
ALEMTSEHAY BELACHEW DERESSE,Phone,+251 11 6521294,
YOFTAHE FELEKE GIZAW,Phone,+251 11 4423545,
YOFTAHE FELEKE GIZAW,Mobile,+251 91 1621519,
YONAS G/EYESUS G/EGZIABHER,Phone,+251 11 5509799,
YONAS G/EYESUS G/EGZIABHER,Mobile,+251 91 685703,
FATE ERGOSHE LEMULU,Mobile,+251 91 1886924,
SHEBA EXPORTS,Phone,+251 11 4671831/4654635,
SHEBA EXPORTS,Mobile,+251 91 1882010,
AMARE PLC,Phone,+251 11 6638368,
AMARE PLC,Mobile,+251 91 1465156,
DEMELASH NURI,Mobile,+251 91 1216572,
KUMLEGN LEGESSE SEIFU,Mobile,+251 91 1166249,
AZIZA AHMED MOHAMMED,Phone,+251 11 5560045,
SOFIA HASSEN MOHAMMED,Phone,+251 11 5534899,
DYM Business PLC,Phone,+251 11 6630066,
DYM Business PLC,Mobile,+251 91 1236208,
DYM Business PLC,Mobile 2,+251 91 1491000,
Belayneh Kindie Importer and Exporter,Phone,+251 11 111 8740,
Hajuta Trading PLC,Phone,"+251 11 8602509,",
Hajuta Trading PLC,Mobile,+251 91 1219496,
Hajuta Trading PLC,Mobile 2,+251 91 1877313,
Kebedeyimam Import&Export,Phone,+251 251 111 565865,
Noah Import&Export Trading,Phone,+251 111 553869,
Noah Import&Export Trading,Mobile,+251 911 219637,
Birhanu Nigussie Zerihun Import Export,Phone,+25111 155 5277/14,
Birhanu Nigussie Zerihun Import Export,Mobile,"+251 91 150 9188, 91 120 5832, 91 120 1103",
JMBS Import,Phone,+251 116 686197,https://jmbsimportexport.com/about-us/
JMBS Import,Mobile,+251 947 359415,https://jmbsimportexport.com/about-us/
KANMAX ENGINEERING AND TRADING  PLC,Phone,+251911217003,http://kanmaxgroup.com
KANMAX ENGINEERING AND TRADING  PLC,Mobile,+251904000000,http://kanmaxgroup.com
SUN OPTICAL TECHNOLOGIES PLC,Phone,+251 11 4391451/4391460/4391681,
SUN OPTICAL TECHNOLOGIES PLC,Mobile,+251 91 1203173,
